Workbook

Sheet Data
A1: Skill Era | Lecture 4 – Logic & Text Functions
A2: Student: Mustafa Mahmoud Ali | Phone: 01032340302 | Email: shroh1520132020sh@gmail.com
A4: ID | B4: Gender | C4: Age | D4: Answers (Q1) | E4: Answers (Q2) | F4: Gender Label | G4: Age Group | H4: Record Code | I4: Age Flag | J4: Logic Summary
A5: 1 | B5: M | C5: 27 | D5: =IF(AND(B5="M",C5>34),"Yes","No") -> No | E5: =IF(OR(B5="F",C5<25),"Yes","No") -> No | F5: =IF(B5="M","Male","Female") -> Male | G5: =IF(C5<25,"Under 25",IF(C5<=34,"25-34","35+")) -> 25-34 | H5: =concat("ID-",TEXT(A5,"000"),"-",UPPER(B5)) -> #NAME? | I5: =IF(C5>34,"Above 34","34 or below") -> 34 or below | J5: =concat(F5," | ",G5," | Q1=",D5," | Q2=",E5) -> #NAME?
A6: 2 | B6: F | C6: 32 | D6: =IF(AND(B6="M",C6>34),"Yes","No") -> No | E6: =IF(OR(B6="F",C6<25),"Yes","No") -> Yes | F6: =IF(B6="M","Male","Female") -> Female | G6: =IF(C6<25,"Under 25",IF(C6<=34,"25-34","35+")) -> 25-34 | H6: =concat("ID-",TEXT(A6,"000"),"-",UPPER(B6)) -> #NAME? | I6: =IF(C6>34,"Above 34","34 or below") -> 34 or below | J6: =concat(F6," | ",G6," | Q1=",D6," | Q2=",E6) -> #NAME?
A7: 3 | B7: M | C7: 35 | D7: =IF(AND(B7="M",C7>34),"Yes","No") -> Yes | E7: =IF(OR(B7="F",C7<25),"Yes","No") -> No | F7: =IF(B7="M","Male","Female") -> Male | G7: =IF(C7<25,"Under 25",IF(C7<=34,"25-34","35+")) -> 35+ | H7: =concat("ID-",TEXT(A7,"000"),"-",UPPER(B7)) -> #NAME? | I7: =IF(C7>34,"Above 34","34 or below") -> Above 34 | J7: =concat(F7," | ",G7," | Q1=",D7," | Q2=",E7) -> #NAME?
A8: 4 | B8: F | C8: 34 | D8: =IF(AND(B8="M",C8>34),"Yes","No") -> No | E8: =IF(OR(B8="F",C8<25),"Yes","No") -> Yes | F8: =IF(B8="M","Male","Female") -> Female | G8: =IF(C8<25,"Under 25",IF(C8<=34,"25-34","35+")) -> 25-34 | H8: =concat("ID-",TEXT(A8,"000"),"-",UPPER(B8)) -> #NAME? | I8: =IF(C8>34,"Above 34","34 or below") -> 34 or below | J8: =concat(F8," | ",G8," | Q1=",D8," | Q2=",E8) -> #NAME?
A9: 5 | B9: M | C9: 27 | D9: =IF(AND(B9="M",C9>34),"Yes","No") -> No | E9: =IF(OR(B9="F",C9<25),"Yes","No") -> No | F9: =IF(B9="M","Male","Female") -> Male | G9: =IF(C9<25,"Under 25",IF(C9<=34,"25-34","35+")) -> 25-34 | H9: =concat("ID-",TEXT(A9,"000"),"-",UPPER(B9)) -> #NAME? | I9: =IF(C9>34,"Above 34","34 or below") -> 34 or below | J9: =concat(F9," | ",G9," | Q1=",D9," | Q2=",E9) -> #NAME?
A10: 6 | B10: F | C10: 28 | D10: =IF(AND(B10="M",C10>34),"Yes","No") -> No | E10: =IF(OR(B10="F",C10<25),"Yes","No") -> Yes | F10: =IF(B10="M","Male","Female") -> Female | G10: =IF(C10<25,"Under 25",IF(C10<=34,"25-34","35+")) -> 25-34 | H10: =concat("ID-",TEXT(A10,"000"),"-",UPPER(B10)) -> #NAME? | I10: =IF(C10>34,"Above 34","34 or below") -> 34 or below | J10: =concat(F10," | ",G10," | Q1=",D10," | Q2=",E10) -> #NAME?
A11: 7 | B11: M | C11: 24 | D11: =IF(AND(B11="M",C11>34),"Yes","No") -> No | E11: =IF(OR(B11="F",C11<25),"Yes","No") -> Yes | F11: =IF(B11="M","Male","Female") -> Male | G11: =IF(C11<25,"Under 25",IF(C11<=34,"25-34","35+")) -> Under 25 | H11: =concat("ID-",TEXT(A11,"000"),"-",UPPER(B11)) -> #NAME? | I11: =IF(C11>34,"Above 34","34 or below") -> 34 or below | J11: =concat(F11," | ",G11," | Q1=",D11," | Q2=",E11) -> #NAME?
A12: 8 | B12: F | C12: 32 | D12: =IF(AND(B12="M",C12>34),"Yes","No") -> No | E12: =IF(OR(B12="F",C12<25),"Yes","No") -> Yes | F12: =IF(B12="M","Male","Female") -> Female | G12: =IF(C12<25,"Under 25",IF(C12<=34,"25-34","35+")) -> 25-34 | H12: =concat("ID-",TEXT(A12,"000"),"-",UPPER(B12)) -> #NAME? | I12: =IF(C12>34,"Above 34","34 or below") -> 34 or below | J12: =concat(F12," | ",G12," | Q1=",D12," | Q2=",E12) -> #NAME?
A13: 9 | B13: M | C13: 26 | D13: =IF(AND(B13="M",C13>34),"Yes","No") -> No | E13: =IF(OR(B13="F",C13<25),"Yes","No") -> No | F13: =IF(B13="M","Male","Female") -> Male | G13: =IF(C13<25,"Under 25",IF(C13<=34,"25-34","35+")) -> 25-34 | H13: =concat("ID-",TEXT(A13,"000"),"-",UPPER(B13)) -> #NAME? | I13: =IF(C13>34,"Above 34","34 or below") -> 34 or below | J13: =concat(F13," | ",G13," | Q1=",D13," | Q2=",E13) -> #NAME?
A14: 10 | B14: F | C14: 31 | D14: =IF(AND(B14="M",C14>34),"Yes","No") -> No | E14: =IF(OR(B14="F",C14<25),"Yes","No") -> Yes | F14: =IF(B14="M","Male","Female") -> Female | G14: =IF(C14<25,"Under 25",IF(C14<=34,"25-34","35+")) -> 25-34 | H14: =concat("ID-",TEXT(A14,"000"),"-",UPPER(B14)) -> #NAME? | I14: =IF(C14>34,"Above 34","34 or below") -> 34 or below | J14: =concat(F14," | ",G14," | Q1=",D14," | Q2=",E14) -> #NAME?
A15: 11 | B15: M | C15: 37 | D15: =IF(AND(B15="M",C15>34),"Yes","No") -> Yes | E15: =IF(OR(B15="F",C15<25),"Yes","No") -> No | F15: =IF(B15="M","Male","Female") -> Male | G15: =IF(C15<25,"Under 25",IF(C15<=34,"25-34","35+")) -> 35+ | H15: =concat("ID-",TEXT(A15,"000"),"-",UPPER(B15)) -> #NAME? | I15: =IF(C15>34,"Above 34","34 or below") -> Above 34 | J15: =concat(F15," | ",G15," | Q1=",D15," | Q2=",E15) -> #NAME?
A16: 12 | B16: F | C16: 24 | D16: =IF(AND(B16="M",C16>34),"Yes","No") -> No | E16: =IF(OR(B16="F",C16<25),"Yes","No") -> Yes | F16: =IF(B16="M","Male","Female") -> Female | G16: =IF(C16<25,"Under 25",IF(C16<=34,"25-34","35+")) -> Under 25 | H16: =concat("ID-",TEXT(A16,"000"),"-",UPPER(B16)) -> #NAME? | I16: =IF(C16>34,"Above 34","34 or below") -> 34 or below | J16: =concat(F16," | ",G16," | Q1=",D16," | Q2=",E16) -> #NAME?
... A28: 24 | B28: M | C28: 28 | D28: =IF(AND(B28="M",C28>34),"Yes","No") -> No | E28: =IF(OR(B28="F",C28<25),"Yes","No") -> No | F28: =IF(B28="M","Male","Female") -> Male | G28: =IF(C28<25,"Under 25",IF(C28<=34,"25-34","35+")) -> 25-34 | H28: =concat("ID-",TEXT(A28,"000"),"-",UPPER(B28)) -> #NAME? | I28: =IF(C28>34,"Above 34","34 or below") -> 34 or below | J28: =concat(F28," | ",G28," | Q1=",D28," | Q2=",E28) -> #NAME?

Sheet Logic Functions
A1: Logic Functions – IF, AND and OR
A3: Question | B3: Requirement | C3: Formula Used | D3: Result Count | E3: Interpretation
A4: Q1 | B4: If male (M) and above 34 years old → Yes; otherwise → No | C4: =IF(AND(Data!B5="M",Data!C5>34),"Yes","No") -> No | D4: =COUNTIF(Data!D5:D28,"Yes") -> 4 | E4: Male and age > 34 uses AND.
A5: Q2 | B5: If female (F) or under 25 years old → Yes; otherwise → No | C5: =IF(OR(Data!B5="F",Data!C5<25),"Yes","No") -> No | D5: =COUNTIF(Data!E5:E28,"Yes") -> 14 | E5: Female or age < 25 uses OR.
A8: Notes
A9: The formulas are stored in the workbook so the logic can be audited and recalculated in Excel.

Sheet Text Functions
A1: Text Functions – CONCAT, TEXT, UPPER and IF
A3: Function | B3: Example Formula | C3: Purpose | D3: Applied Column
A4: IF | B4: =IF(Data!B5="M","Male","Female") -> Male | C4: Converts gender code to readable text | D4: Gender Label
A5: IF | B5: =IF(Data!C5<25,"Under 25",IF(Data!C5<=34,"25-34","35+")) -> 25-34 | C5: Creates age bands | D5: Age Group
A6: TEXT + CONCAT | B6: =concat("ID-",TEXT(Data!A5,"000"),"-",UPPER(Data!B5)) -> #NAME? | C6: Builds a standardized record code | D6: Record Code
A7: CONCAT | B7: =concat(Data!F5," | ",Data!G5," | Q1=",Data!D5," | Q2=",Data!E5) -> #NAME? | C7: Combines descriptive fields | D7: Logic Summary
A10: Personal information
A11: Name | B11: Mustafa Mahmoud Ali
A12: Phone | B12: 01032340302
A13: Email | B13: shroh1520132020sh@gmail.com

Sheet Dashboard
A1: Lecture 4 Dashboard – Logic & Text Analysis
A2: Mustafa Mahmoud Ali | Logic outcomes, gender mix and age segmentation
A4: Total Records | B4: =COUNTA(Data!A5:A28) -> 24 | D4: Q1 Yes | E4: =COUNTIF(Data!D5:D28,"Yes") -> 4 | G4: Q2 Yes | H4: =COUNTIF(Data!E5:E28,"Yes") -> 14 | J4: Average Age | K4: =AVERAGE(Data!C5:C28) -> 30.625
A8: Q1 Result | B8: Count | D8: Q2 Result | E8: Count | G8: Gender | H8: Count | J8: Age Group | K8: Count
A9: Yes | B9: =COUNTIF(Data!D5:D28,"Yes") -> 4 | D9: Yes | E9: =COUNTIF(Data!E5:E28,"Yes") -> 14 | G9: Male | H9: =COUNTIF(Data!B5:B28,"M") -> 13 | J9: Under 25 | K9: =COUNTIF(Data!G5:G28,"Under 25") -> 4
A10: No | B10: =COUNTIF(Data!D5:D28,"No") -> 20 | D10: No | E10: =COUNTIF(Data!E5:E28,"No") -> 10 | G10: Female | H10: =COUNTIF(Data!B5:B28,"F") -> 11 | J10: 25-34 | K10: =COUNTIF(Data!G5:G28,"25-34") -> 14
J11: 35+ | K11: =COUNTIF(Data!G5:G28,"35+") -> 6

Sheet Report
A1: TaskK – Implementation Report
A3: Student | B3: Mustafa Mahmoud Ali
A4: Phone | B4: 01032340302
A5: Email | B5: shroh1520132020sh@gmail.com
A8: Objective | B8: Complete Lecture 4 requirements using logic and text functions, then summarize the results in an interactive-style dashboard.
A9: Data preparation | B9: Recreated the 24 records from the supplied TaskK.xlsx preview, standardized headers, preserved the original ID/Gender/Age fields, and added derived analysis columns.
A10: New columns | B10: Answers (Q1) applies IF + AND to identify males above age 34. Answers (Q2) applies IF + OR to identify females or people under age 25. Gender Label, Age Group, Record Code and Logic Summary demonstrate text and nested logic functions.
A11: Dashboard | B11: The dashboard contains KPI cards, logic-result summary tables, gender distribution, age-group analysis, and charts linked to formulas so that recalculation in Excel updates the summaries.
A12: Quality checks | B12: Q1 uses a strict >34 condition. Q2 uses a strict <25 condition. Formula cells are retained rather than replaced by static values, enabling audit and refresh in Excel.
