Workbook
Name a: #REF!
Name ABC: #REF!
Name b: #REF!
Name circ: #REF!
Name CodeList: '[1]In List'!$C$2:$C$4
Name codes: '[2]Conditional format A1'!#REF!
Name codes1: '[2]Conditional format A1'!#REF!
Name COGS: '[3]Scenario Manager'!$B$4
Name Courses: [4]!tblCourseList[TITLE]
Name das: [5]Scenarios!$B$14
Name data: [6]Data!$B$7:$K$107
Name dataSet: #REF!
Name Days: ROW(INDIRECT("1:31"))
Name dec: #REF!
Name Dep.Exp.: '[3]Scenario Manager'!$B$6
Name dyn_budget: OFFSET('[7]Dynamic Ranges and Charts'!$B$5,1,2,COUNTA('[7]Dynamic Ranges and Charts'!$B$6:$B$17),1)
Name dyn_lastn_dates: OFFSET('[7]Dynamic Ranges and Charts'!$B$29,COUNTA('[7]Dynamic Ranges and Charts'!$B$29:$B$213)-n,0,n,1)
Name dyn_lastn_values: OFFSET('[7]Dynamic Ranges and Charts'!$B$29,COUNTA('[7]Dynamic Ranges and Charts'!$B$29:$B$213)-n,1,n,1)
Name dyn_range: OFFSET('[7]Dynamic Ranges'!$B$5,0,0,COUNTA(!$B$5:$B$100),3)
Name dyn_salary: OFFSET('[7]Dynamic Ranges and Charts'!$B$5,1,1,COUNTA('[7]Dynamic Ranges and Charts'!$B$6:$B$17),1)
Name EBIT: '[3]Scenario Manager'!$B$7
Name EDR: #REF!
Name EDS: #REF!
Name Employees: [4]!tblEmployeeInfo[NAME]
Name Expenses: '[3]Scenario Manager'!$B$5
Name Hourly_labor_cost: '[8]Scenario Mgr.'!$B$4
Name income: '[9]Worksheet-1'!$B$2:$F$2
Name Increments: #REF!
Name Int.Exp.: '[3]Scenario Manager'!$B$9
Name InventoryPart: '[10]Assumptions for DV'!$A$2:$A$17
Name jan: #REF!
Name KCosts_9: #REF!
Name lastname: [9]Sheet1!$A$3:$A$150
Name lettergrade: #REF!
Name list1: '[11]WB 1'!$A$1:$E$1
Name Material_cost: '[8]Scenario Mgr.'!$B$5
Name MY: #REF!
Name n: '[7]Dynamic Ranges and Charts'!$D$30
Name name: #REF!
Name Number_mailed: '[8]Data Table Ex2'!$B$6
Name Pivot_tbl: OFFSET(#REF!,0,0,COUNTA(#REF!),COUNTA(#REF!))
Name policyno: [9]Sheet1!$C$3:$C$150
Name PPE_life: [12]Offset!$J$11
Name PreTaxIncome: '[3]Scenario Manager'!$B$10
Name ProductA_Profit: #REF!
Name ProductB_Profit: #REF!
Name ProductC_Profit: #REF!
Name profit: #REF!
Name Profit_Product_A: [5]Scenarios!$B$12
Name Profit_Product_B: [5]Scenarios!$C$12
Name Profit_Product_C: [5]Scenarios!$D$12
Name profits: [5]Scenarios!$B$12:$D$12
Name province: '[9]Worksheet-1'!$A$3:$A$11
Name quarterly_rates: #REF!
Name Range1: '[13]Worksheet 2'!#REF!
Name Sales: '[3]Scenario Manager'!$B$3
Name Shop1: #REF!
Name Shop2: #REF!
Name Shop3: #REF!
Name Shop4: #REF!

Sheet Dashboard
A1: SALES PERFORMANCE DASHBOARD
A2: Interactive report: use the selectors below, then recalculate/refresh the workbook to update the analysis.
A4: Interactive Filters
A5: Region | B5: All | D5: Sales Rep | E5: All | G5: Product | H5: All | J5: Year | K5: All
A7: Timeline Start | B7: 41275 | D7: Timeline End | E7: 42004
A10: Total Sales | D10: Units Sold | G10: Transactions | J10: Average Sale
A11: =SUMPRODUCT(('Sales Data'!$A$2:$A$10002>=Dashboard!$B$7)*('Sales Data'!$A$2:$A$10002<=Dashboard!$E$7)*((Dashboard!$B$5="All")+('Sales Data'!$H$2:$H$10002=Dashboard!$B$5)>0)*((Dashboard!$E$5="All")+('Sales Data'!$B$2:$B$10002=Dashboard!$E$5)>0)*((Dashboard!$H$5="All")+('Sales Data'!$C$2:$C$10002=Dashboard!$H$5)>0)*((Dashboard!$K$5="All")+('Sales Data'!$K$2:$K$10002=Dashboard!$K$5)>0)*'Sales Data'!$F$2:$F$10002) | D11: =SUMPRODUCT(('Sales Data'!$A$2:$A$10002>=Dashboard!$B$7)*('Sales Data'!$A$2:$A$10002<=Dashboard!$E$7)*((Dashboard!$B$5="All")+('Sales Data'!$H$2:$H$10002=Dashboard!$B$5)>0)*((Dashboard!$E$5="All")+('Sales Data'!$B$2:$B$10002=Dashboard!$E$5)>0)*((Dashboard!$H$5="All")+('Sales Data'!$C$2:$C$10002=Dashboard!$H$5)>0)*((Dashboard!$K$5="All")+('Sales Data'!$K$2:$K$10002=Dashboard!$K$5)>0)*'Sales Data'!$D$2:$D$10002) | G11: =COUNTIFS('Sales Data'!$A$2:$A$10002,">="&$B$7,'Sales Data'!$A$2:$A$10002,"<="&$E$7) | J11: =IFERROR(A11/G11,0)
A14: Sales by Region | G14: Sales by Product
A15: East | B15: =SUMIFS('Sales Data'!$F:$F,'Sales Data'!$H:$H,A15) | G15: Nestle Aero Mint Potz | H15: =SUMIFS('Sales Data'!$F:$F,'Sales Data'!$C:$C,G15)
A16: North | B16: =SUMIFS('Sales Data'!$F:$F,'Sales Data'!$H:$H,A16) | G16: Nestle Fab | H16: =SUMIFS('Sales Data'!$F:$F,'Sales Data'!$C:$C,G16)
A17: South | B17: =SUMIFS('Sales Data'!$F:$F,'Sales Data'!$H:$H,A17) | G17: Nestle Kit Kat Cone | H17: =SUMIFS('Sales Data'!$F:$F,'Sales Data'!$C:$C,G17)
A18: West | B18: =SUMIFS('Sales Data'!$F:$F,'Sales Data'!$H:$H,A18) | G18: Nestle Maxibon Cookie | H18: =SUMIFS('Sales Data'!$F:$F,'Sales Data'!$C:$C,G18)
G19: Nestle Milky Bar Stick | H19: =SUMIFS('Sales Data'!$F:$F,'Sales Data'!$C:$C,G19)
G20: Nestle Nobbly Bobbly | H20: =SUMIFS('Sales Data'!$F:$F,'Sales Data'!$C:$C,G20)
G21: Nestle Rolo Potz | H21: =SUMIFS('Sales Data'!$F:$F,'Sales Data'!$C:$C,G21)
G22: Nestle Rowntree Fruit Pastil | H22: =SUMIFS('Sales Data'!$F:$F,'Sales Data'!$C:$C,G22)
G23: Nestle Rowntree Screamers | H23: =SUMIFS('Sales Data'!$F:$F,'Sales Data'!$C:$C,G23)
G24: Nestle Smarties Pop-Up | H24: =SUMIFS('Sales Data'!$F:$F,'Sales Data'!$C:$C,G24)
G25: Nestle Toffee Crumble | H25: =SUMIFS('Sales Data'!$F:$F,'Sales Data'!$C:$C,G25)
A40: Refresh & Interactivity Notes
A41: Data Validation selectors act as slicer-style controls for Region, Sales Rep, Product, and Year. The date inputs provide a timeline-style filter. To refresh after changing the source data, use Excel Data > Refresh All or recalculate formulas (Ctrl+Alt+F9).

Sheet Data
C3: Name | E3: مصطفي محمود علي
C4: Phone Number | E4: 01032340302
C5: E-Mail | E5: shroh1520132020sh@gmail.com

Sheet Sales Data
A1: Date | B1: SalesRep | C1: Product | D1: Units | E1: Price | F1: Total Sales | G1: City | H1: Region | I1: Day | J1: Month | K1: Year | L1: Quarter | M1: Month Name
A2: 41275 | B2: Isabel Cross | C2: Nestle Aero Mint Potz | D2: 4 | E2: 495 | F2: =E2*D2 | G2: Ranchi | H2: East | I2: Tuesday | J2: =MONTH(A2) | K2: =YEAR(A2) | L2: ="Q"&ROUNDUP(MONTH(A2)/3,0) | M2: =TEXT(A2,"mmm")
A3: 41276 | B3: Cecilia Manning | C3: Nestle Smarties Pop-Up | D3: 2 | E3: 438 | F3: =E3*D3 | G3: Trivandrum | H3: South | I3: Wednesday | J3: =MONTH(A3) | K3: =YEAR(A3) | L3: ="Q"&ROUNDUP(MONTH(A3)/3,0) | M3: =TEXT(A3,"mmm")
A4: 41276 | B4: Isabel Cross | C4: Nestle Maxibon Cookie | D4: 1 | E4: 426 | F4: =E4*D4 | G4: Ranchi | H4: East | I4: Wednesday | J4: =MONTH(A4) | K4: =YEAR(A4) | L4: ="Q"&ROUNDUP(MONTH(A4)/3,0) | M4: =TEXT(A4,"mmm")
A5: 41276 | B5: Shari Silva | C5: Nestle Maxibon Cookie | D5: 2 | E5: 260 | F5: =E5*D5 | G5: Mysore | H5: South | I5: Wednesday | J5: =MONTH(A5) | K5: =YEAR(A5) | L5: ="Q"&ROUNDUP(MONTH(A5)/3,0) | M5: =TEXT(A5,"mmm")
A6: 41276 | B6: Trevor Jones | C6: Nestle Toffee Crumble | D6: 4 | E6: 285 | F6: =E6*D6 | G6: Pune | H6: West | I6: Wednesday | J6: =MONTH(A6) | K6: =YEAR(A6) | L6: ="Q"&ROUNDUP(MONTH(A6)/3,0) | M6: =TEXT(A6,"mmm")
A7: 41277 | B7: Trevor Jones | C7: Nestle Toffee Crumble | D7: 2 | E7: 206 | F7: =E7*D7 | G7: Pune | H7: West | I7: Thursday | J7: =MONTH(A7) | K7: =YEAR(A7) | L7: ="Q"&ROUNDUP(MONTH(A7)/3,0) | M7: =TEXT(A7,"mmm")
A8: 41277 | B8: Trevor Jones | C8: Nestle Fab | D8: 3 | E8: 222 | F8: =E8*D8 | G8: Pune | H8: West | I8: Thursday | J8: =MONTH(A8) | K8: =YEAR(A8) | L8: ="Q"&ROUNDUP(MONTH(A8)/3,0) | M8: =TEXT(A8,"mmm")
A9: 41278 | B9: Max Rodgers | C9: Nestle Milky Bar Stick | D9: 15 | E9: 458 | F9: =E9*D9 | G9: Nagpur | H9: West | I9: Friday | J9: =MONTH(A9) | K9: =YEAR(A9) | L9: ="Q"&ROUNDUP(MONTH(A9)/3,0) | M9: =TEXT(A9,"mmm")
A10: 41278 | B10: Ruben Nunez | C10: Nestle Rowntree Fruit Pastil | D10: 2 | E10: 304 | F10: =E10*D10 | G10: Shimla | H10: North | I10: Friday | J10: =MONTH(A10) | K10: =YEAR(A10) | L10: ="Q"&ROUNDUP(MONTH(A10)/3,0) | M10: =TEXT(A10,"mmm")
A11: 41278 | B11: Salvador Bass | C11: Nestle Rowntree Fruit Pastil | D11: 2 | E11: 224 | F11: =E11*D11 | G11: Goa | H11: West | I11: Friday | J11: =MONTH(A11) | K11: =YEAR(A11) | L11: ="Q"&ROUNDUP(MONTH(A11)/3,0) | M11: =TEXT(A11,"mmm")
A12: 41278 | B12: Rachel Gomez | C12: Nestle Kit Kat Cone | D12: 2 | E12: 318 | F12: =E12*D12 | G12: Delhi | H12: North | I12: Friday | J12: =MONTH(A12) | K12: =YEAR(A12) | L12: ="Q"&ROUNDUP(MONTH(A12)/3,0) | M12: =TEXT(A12,"mmm")
A13: 41278 | B13: Christina Fuller | C13: Nestle Fab | D13: 2 | E13: 165 | F13: =E13*D13 | G13: Nagpur | H13: West | I13: Friday | J13: =MONTH(A13) | K13: =YEAR(A13) | L13: ="Q"&ROUNDUP(MONTH(A13)/3,0) | M13: =TEXT(A13,"mmm")
... A10001: 42004 | B10001: Johanna Boone | C10001: Nestle Smarties Pop-Up | D10001: 2 | E10001: 407 | F10001: =E10001*D10001 | G10001: Mysore | H10001: South | I10001: Wednesday | J10001: =MONTH(A10001) | K10001: =YEAR(A10001) | L10001: ="Q"&ROUNDUP(MONTH(A10001)/3,0) | M10001: =TEXT(A10001,"mmm")
B10002: Mohamed | F10002: =E10002*D10002

Sheet Sheet1
A1: Car Type | B1: Car price | C1: Count | D1: Total Sales
A2: Toyota | C2: 3 | D2: =Table2[[#This Row],[Car price]]*Table2[[#This Row],[Count]] | G2: Car Type | H2: Price
A3: Jeep | C3: 2 | D3: =Table2[[#This Row],[Car price]]*Table2[[#This Row],[Count]] | G3: BMW | H3: 700000
A4: Toyota | C4: 1 | D4: =Table2[[#This Row],[Car price]]*Table2[[#This Row],[Count]] | G4: Kia | H4: 750000
A5: Ferrari | C5: 1 | D5: =Table2[[#This Row],[Car price]]*Table2[[#This Row],[Count]] | G5: Ferrari | H5: 560000
A6: BMW | C6: 3 | D6: =Table2[[#This Row],[Car price]]*Table2[[#This Row],[Count]] | G6: Toyota | H6: 770000
A7: Kia | C7: 2 | D7: =Table2[[#This Row],[Car price]]*Table2[[#This Row],[Count]] | G7: Jeep | H7: 475000
A8: Toyota | C8: 3 | D8: =Table2[[#This Row],[Car price]]*Table2[[#This Row],[Count]]
A9: Jeep | C9: 2 | D9: =Table2[[#This Row],[Car price]]*Table2[[#This Row],[Count]]
A10: Toyota | C10: 3 | D10: =Table2[[#This Row],[Car price]]*Table2[[#This Row],[Count]]
A11: Jeep | C11: 2 | D11: =Table2[[#This Row],[Car price]]*Table2[[#This Row],[Count]]
A12: Ferrari | C12: 4 | D12: =Table2[[#This Row],[Car price]]*Table2[[#This Row],[Count]]
A13: Ferrari | C13: 4 | D13: =Table2[[#This Row],[Car price]]*Table2[[#This Row],[Count]]
A14: Jeep | C14: 1 | D14: =Table2[[#This Row],[Car price]]*Table2[[#This Row],[Count]]
A15: Toyota | C15: 2 | D15: =Table2[[#This Row],[Car price]]*Table2[[#This Row],[Count]]
A16: Kia | C16: 2 | D16: =Table2[[#This Row],[Car price]]*Table2[[#This Row],[Count]]
A17: BMW | C17: 1 | D17: =Table2[[#This Row],[Car price]]*Table2[[#This Row],[Count]]

Sheet Lists
A1: Region | B1: SalesRep | C1: Product | D1: City | E1: Year | F1: Month Name
A2: All | B2: All | C2: All | D2: All | E2: All | F2: All
A3: East | B3: Allan Ramos | C3: Nestle Aero Mint Potz | D3: Agra
A4: North | B4: Andrew Meyer | C4: Nestle Fab | D4: Ahmedabad
A5: South | B5: Arturo Francis | C5: Nestle Kit Kat Cone | D5: Bangalore
A6: West | B6: Austin Reynolds | C6: Nestle Maxibon Cookie | D6: Cochin
B7: Ben Perez | C7: Nestle Milky Bar Stick | D7: Darjeeling
B8: Bernadette Page | C8: Nestle Nobbly Bobbly | D8: Delhi
B9: Beth Tucker | C9: Nestle Rolo Potz | D9: Durgapur
B10: Bethany Pena | C10: Nestle Rowntree Fruit Pastil | D10: Goa
B11: Billie Chandler | C11: Nestle Rowntree Screamers | D11: Hyderabad
B12: Blake Bridges | C12: Nestle Smarties Pop-Up | D12: Jodhpur
B13: Bobbie Ryan | C13: Nestle Toffee Crumble | D13: Kolkata
B14: Brooke Horton | D14: Mumbai
B15: Carla Mccormick | D15: Mysore
B16: Cassandra Franklin | D16: Nagpur
B17: Cecilia Manning | D17: Nainital
B18: Charlie Wood | D18: Patna
B19: Christina Fuller | D19: Pune
B20: Christy Olson | D20: Ranchi
B21: Cindy Becker | D21: Shimla
B22: Colleen Warren | D22: Srinagar
B23: Dan Peterson | D23: Surat
B24: Della Jensen | D24: Trivandrum
B25: Don Gonzales | D25: Varanasi
B26: Donna Reid
B27: Drew Rogers
B28: Eddie Green
B29: Edwin Malone
B30: Elaine Ellis
B31: Elbert Klein
B32: Ellen Weaver
B33: Elvira Bowman
B34: Eric Rose
B35: Ernest Davis
B36: Felicia Jennings
B37: Fernando Rowe
... B75: Woodrow Colon

Sheet Lookup Tools
A1: LOOKUP TOOLS PRACTICE
A3: VLOOKUP Example | D3: XLOOKUP Example | G3: HLOOKUP Example
A4: Enter Product | B4: Nestle Aero Mint Potz | D4: Enter Sales Rep | E4: Allan Ramos | G4: Choose Region | H4: East
A5: Price / Unit | B5: =VLOOKUP(B4,'Sales Data'!$C$2:$E$10002,3,FALSE) | D5: First Product | E5: =XLOOKUP(E4,'Sales Data'!$B$2:$B$10002,'Sales Data'!$C$2:$C$10002,"Not found") | G5: Top Region Sales | H5: =HLOOKUP(H4,A12:E13,2,FALSE)
A11: Region | B11: East | C11: North | D11: South | E11: West
A12: Total Sales | B12: =SUMIF('Sales Data'!$H:$H,B$11,'Sales Data'!$F:$F) | C12: =SUMIF('Sales Data'!$H:$H,C$11,'Sales Data'!$F:$F) | D12: =SUMIF('Sales Data'!$H:$H,D$11,'Sales Data'!$F:$F) | E12: =SUMIF('Sales Data'!$H:$H,E$11,'Sales Data'!$F:$F)

Sheet Pivot Tables
A1: PIVOT-STYLE ANALYSIS TABLES
A3: Region | B3: Transactions | C3: Units | D3: Total Sales | E3: Average Sale
A4: East | B4: =COUNTIF('Sales Data'!$H:$H,A4) | C4: =SUMIF('Sales Data'!$H:$H,A4,'Sales Data'!$D:$D) | D4: =SUMIF('Sales Data'!$H:$H,A4,'Sales Data'!$F:$F) | E4: =IFERROR(D4/B4,0)
A5: North | B5: =COUNTIF('Sales Data'!$H:$H,A5) | C5: =SUMIF('Sales Data'!$H:$H,A5,'Sales Data'!$D:$D) | D5: =SUMIF('Sales Data'!$H:$H,A5,'Sales Data'!$F:$F) | E5: =IFERROR(D5/B5,0)
A6: South | B6: =COUNTIF('Sales Data'!$H:$H,A6) | C6: =SUMIF('Sales Data'!$H:$H,A6,'Sales Data'!$D:$D) | D6: =SUMIF('Sales Data'!$H:$H,A6,'Sales Data'!$F:$F) | E6: =IFERROR(D6/B6,0)
A7: West | B7: =COUNTIF('Sales Data'!$H:$H,A7) | C7: =SUMIF('Sales Data'!$H:$H,A7,'Sales Data'!$D:$D) | D7: =SUMIF('Sales Data'!$H:$H,A7,'Sales Data'!$F:$F) | E7: =IFERROR(D7/B7,0)
A12: Sales Rep | B12: Total Sales | C12: Rank
A13: Allan Ramos | B13: =SUMIF('Sales Data'!$B:$B,A13,'Sales Data'!$F:$F) | C13: =RANK(B13,$B$13:$B$85)
A14: Andrew Meyer | B14: =SUMIF('Sales Data'!$B:$B,A14,'Sales Data'!$F:$F) | C14: =RANK(B14,$B$13:$B$85)
A15: Arturo Francis | B15: =SUMIF('Sales Data'!$B:$B,A15,'Sales Data'!$F:$F) | C15: =RANK(B15,$B$13:$B$85)
A16: Austin Reynolds | B16: =SUMIF('Sales Data'!$B:$B,A16,'Sales Data'!$F:$F) | C16: =RANK(B16,$B$13:$B$85)
A17: Ben Perez | B17: =SUMIF('Sales Data'!$B:$B,A17,'Sales Data'!$F:$F) | C17: =RANK(B17,$B$13:$B$85)
A18: Bernadette Page | B18: =SUMIF('Sales Data'!$B:$B,A18,'Sales Data'!$F:$F) | C18: =RANK(B18,$B$13:$B$85)
A19: Beth Tucker | B19: =SUMIF('Sales Data'!$B:$B,A19,'Sales Data'!$F:$F) | C19: =RANK(B19,$B$13:$B$85)
A20: Bethany Pena | B20: =SUMIF('Sales Data'!$B:$B,A20,'Sales Data'!$F:$F) | C20: =RANK(B20,$B$13:$B$85)
A21: Billie Chandler | B21: =SUMIF('Sales Data'!$B:$B,A21,'Sales Data'!$F:$F) | C21: =RANK(B21,$B$13:$B$85)
A22: Blake Bridges | B22: =SUMIF('Sales Data'!$B:$B,A22,'Sales Data'!$F:$F) | C22: =RANK(B22,$B$13:$B$85)
A23: Bobbie Ryan | B23: =SUMIF('Sales Data'!$B:$B,A23,'Sales Data'!$F:$F) | C23: =RANK(B23,$B$13:$B$85)
A24: Brooke Horton | B24: =SUMIF('Sales Data'!$B:$B,A24,'Sales Data'!$F:$F) | C24: =RANK(B24,$B$13:$B$85)
... A85: Woodrow Colon | B85: =SUMIF('Sales Data'!$B:$B,A85,'Sales Data'!$F:$F) | C85: =RANK(B85,$B$13:$B$85)
